Time,energy,tlogenergy,tsqrootenergy,treciprocalsqroot,treciprocal,tquberoot,difenergy,difenergy1
2021-03-01,17736.05,9.78335457041712,264.353524474522,1.98498236504326,0.999943617660077,26.0786817696582,-13.4347612859963,-230.407263027873
2021-03-02,20751.01,9.94035019917306,286.104217254798,1.98611613520234,0.99995180957457,27.479769142503,-9.58844201552936,-163.265520321836
2020-03-03,40922.23,10.6194287151594,402.584873666824,1.99011332291357,0.999975563404047,34.4603563396078,6.7754144615975,113.248023955017
2020-03-04,33653.24,10.4238646157275,364.896388643988,1.98909773951501,0.999970285179079,32.2856073671916,-2.1747489724162,-37.6884850228366
2020-03-05,56446.42,10.9410471486119,473.169106739906,1.99158194431569,0.999982284084624,38.360017883004,6.07441051581242,108.272718095918
2020-03-06,35514.13,10.4776859244403,374.903860420665,1.98938721403507,0.999971842193516,32.8700521692449,-5.48996571375912,-98.2652463192408
2020-03-07,46050,10.7374830416835,427.185274677499,1.99068001575076,0.999978284473398,35.8434560668574,2.97340389761255,52.2814142568337
2020-03-08,30806.06,10.335466702855,349.033103852044,1.9886050632943,0.999967538854368,31.3481598259198,-4.49529624093759,-78.1521708254543
2020-03-09,12316.6,9.4187032249737,219.960356820762,1.98197876387796,0.999918808762158,23.093882177674,-8.25427764824581,-129.072747031282
2020-03-10,13713.73,9.52615279974034,232.211272145471,1.9829214027004,0.99992708037857,23.9360159123719,0.84213373469791,12.2509153247093
2020-03-11,14087.43,9.55303818939159,235.380959640827,1.98314944886038,0.999929014731573,24.1514896911654,0.215473778793452,3.1696874953559
2020-03-12,30142.01,10.3136751587426,345.229088643218,1.98848022780686,0.999966823712155,31.1212765770055,6.96978688584016,109.848129002391
2020-03-13,29645.74,10.2970737178809,342.358766405039,1.98838420743065,0.999966268340746,30.9495328699039,-0.171743707101683,-2.87032223817954
2020-03-14,13057.12,9.47708885783835,226.535511463755,1.98249724966426,0.999923413432671,23.5477345711111,-7.40179829879275,-115.823254941284
2020-03-15,42615.59,10.6599754277509,410.870875698444,1.99031174094508,0.999976534409121,34.9292694035479,11.3815348324368,184.335364234689
2020-03-16,10529.37,9.26192377427836,203.225437019878,1.98050923872749,0.999905027556255,21.9179935937696,-13.0112758097783,-207.645438678566
2020-03-17,12524.46,9.43543881125119,221.825467719828,1.98212893268693,0.999920156238273,23.2230720733049,1.30507847953524,18.6000306999504
2020-03-18,7293.88,8.89479091935504,168.808430705279,1.97658195217014,0.99986289875896,19.3933516028846,-3.82972047042027,-53.0170370145499
2020-03-19,15201.62,9.6291572801026,244.589699703779,1.98377872228724,0.999934217537341,24.77212659247,5.37877498958536,75.7812689985005
2020-03-20,21117.32,9.95784883582909,288.635992265239,1.98623707969263,0.999952645506153,27.6405236828182,2.8683970903483,44.0462925614597
2020-03-21,43379.06,10.6777321151742,414.552805776171,1.99039737592801,0.999976947402733,35.136625162994,7.49610148017579,125.916813510932
2020-03-22,29150,10.2802101917786,339.467421579277,1.98828585174685,0.999965694682676,30.7760481688751,-4.3605769941189,-75.0853841968933
2020-03-23,47660,10.7718477506527,434.623407526441,1.99083878708505,0.999979018044482,36.2563999797995,5.48035181092439,95.1559859471632
2020-03-24,47551.57,10.7695700853044,434.126449553338,1.99082834805342,0.999978970200143,36.2288837779412,-0.027516201858369,-0.496957973102838
2020-03-25,5173.04,8.55121580243061,141.847697235653,1.9721928117247,0.999806690070055,17.2947894361742,-18.9340943417669,-292.278752317685
2020-03-26,373.52,5.92297155066268,36.6533310336897,1.89651603385712,0.997322767187835,7.20174854651808,-10.0930408896561,-105.194366201963
2020-03-27,1442.36,7.27403593994607,73.9568298443267,1.94733850783138,0.999306691810644,11.2985979934951,4.09684944697701,37.303498810637
2020-03-28,15514.1,9.64950456682094,247.111220140723,1.98394291514553,0.999935542506494,24.9407128458099,13.6421148523148,173.154390296397
2020-03-29,22561.5,10.0240001927634,298.409720215575,1.98668485161822,0.999955676705893,28.2567791181267,3.31606627231683,51.2985000748515
2020-03-30,42028.71,10.6461082351655,408.018097161576,1.99024433304849,0.999976206740583,34.7681850198335,6.51140590170683,109.608376946002
2020-03-31,35016,10.4635603788707,372.251252502914,1.98931199301739,0.999971441626685,32.7156468245351,-2.05253819529842,-35.7668446586623
2020-04-01,38737.41,10.5645610787632,391.636431240809,1.98983833892765,0.999974185161063,33.8358320096159,1.12018518508078,19.3851787378946
2020-04-02,9120.86,9.11831937686819,189.006387327754,1.9790582919453,0.999890361215938,20.8935352364022,-12.9422967732137,-202.630043913055
2020-04-03,14582.84,9.58760077397402,239.518860547163,1.98343814644149,0.999931426251677,24.4313446492616,3.53780941285941,50.5124732194089
2020-04-04,11286.34,9.33134842389491,210.474374925543,1.98117420041169,0.999911397317465,22.4311243565918,-2.00022029266979,-29.0444856216204
2020-04-05,46730.25,10.7521469855625,430.343613344756,1.9907480997139,0.999978600585274,36.0190871005058,13.587962743914,219.869238419213
2020-04-06,70783.49,11.1673810603979,530.103335828672,1.99248266317712,0.999985872411773,41.3660440998544,5.34695699934866,99.7597224839157
2020-04-07,41502.53,10.633509668216,405.443394841541,1.99018268537264,0.999975905083377,34.6224814078585,-6.74356269199593,-124.659940987131
2020-04-08,18780,9.84054775276225,272.080280210014,1.98540573587806,0.999946751863685,26.5806254605144,-8.04185594734404,-133.363114631527
2020-04-09,10340,9.24377514806242,201.371581102179,1.98033156855878,0.999903288201161,21.7858000278168,-4.79482543269767,-70.7086991078357
2020-04-10,18010,9.79868243817,266.402682549933,1.98509701929206,0.999944475291505,26.212266268425,4.42646624060823,65.0311014477541
2020-04-11,12722.24,9.45110692201915,223.585815156893,1.98226838865193,0.99992139748975,23.3446765708869,-2.86758969753814,-42.8168673930395
2020-04-12,27100,10.2072890068678,327.241552663087,1.98785086521538,0.999963099630996,30.0369914061521,6.69231483526523,103.655737506193
2020-04-13,17690,9.78075478715383,264.007518690732,1.98496283105197,0.999943470887507,26.0560919190601,-3.98089948709201,-63.2340339723548
2020-04-14,40442.07,10.607625858768,400.204276456628,1.99005480489855,0.999975273273599,34.3250458102433,8.26895389118318,136.196757765897
2020-04-15,23407.81,10.0608250063438,303.992222123374,1.98692777230662,0.999957279215783,28.6057668453225,-5.71927896492072,-96.2120543332549
2020-04-16,20510,9.92866785106643,284.426255779738,1.98603479981571,0.999951243295953,27.3729678161733,-1.23279902914927,-19.5659663436352
2020-04-17,26340,10.1788439752973,322.592051658694,1.98767683934477,0.999962034927866,29.7535362884371,2.38056847226381,38.1657958789554
2020-04-18,3750,8.22951111896446,120.474487139159,1.96734013676289,0.999733333333333,15.5361625297693,-14.2173737586678,-202.117564519535
2020-04-19,25780,10.1573542764932,319.123029382821,1.98754371491921,0.999961210240497,29.5411663132638,14.0050037834946,198.648542243662
2020-04-20,30720,10.3326691872616,348.542436803306,1.98858911338531,0.999967447916667,31.3189411293509,1.77777481608706,29.4194074204855
2020-04-21,17833.61,9.78884015811434,265.085080077491,1.98502349888343,0.999943926103576,26.1264110254878,-5.19253010386309,-83.4573567258149
2020-04-22,43361.82,10.6773346094024,414.470022930823,1.99039546718909,0.999976938237371,35.131969800988,9.00555877550022,149.384942853332
2020-04-23,22357.97,10.0149381360278,297.051634337617,1.98662438341506,0.999955273220243,28.1715530583177,-6.96041674267033,-117.418388593206
2020-04-24,39986.43,10.5962954255378,397.932144244495,1.98999830331829,0.999974991515872,34.1956511005141,6.0240980421964,100.880509906878
2020-04-25,32519.89,10.3896071811222,358.665440540122,1.98890938928329,0.999969249588483,31.9190303210642,-2.27662077944987,-39.2667037043738
2020-04-26,6755.34,8.81808858221423,162.381750811944,1.97566639861029,0.999851968960852,18.903798122492,-13.0152321985723,-196.283689728178
2020-04-27,14787.29,9.60152330700237,241.206003215381,1.98355303756027,0.999932374356627,24.544990218593,5.64119209610105,78.8242524034374
2020-04-28,22440,10.0186003596366,297.599732977184,1.98664885325414,0.999955436720143,28.2059642331833,3.66097401459029,56.3937297618029
2020-04-29,57040.82,10.9515224308614,475.664401018121,1.99162591980588,0.999982468695226,38.494196010441,10.2882317772577,178.064668040937
2020-04-30,10471.2,9.25638391047751,202.657763107096,1.98045517580534,0.9999044999618,21.877556707968,-16.616639302473,-273.006637911025
2020-05-01,25500.08,10.1464368683965,317.374889432466,1.9874755338245,0.999960784436755,29.4338573648567,7.55630065688878,114.717126325371
2020-05-02,4154.38,8.3319184783456,126.908960123026,1.9689703493366,0.999759290194927,16.0756573093353,-13.3582000555214,-190.46592930944
2020-05-03,55.15,4.01005674569951,12.8526091983867,1.73068704989326,0.981867633726201,3.80640655208864,-12.2692507572467,-114.05635092464
2020-05-04,13952.42,9.54340824890668,234.240724685648,1.98306811831312,0.999928327845635,24.0740881834967,20.2676816314081,221.388115487261
2020-05-05,25783.02,10.1574714147059,319.14183782248,1.98754444445133,0.999961214783994,29.5423198022582,5.46823161876143,84.9011131368322
2020-05-06,2435.18,7.79777595475585,96.6950859972268,1.95947113314119,0.999589352737785,13.4537604130574,-16.0885593892008,-222.446751825253
2020-05-07,43787.36,10.6871004702411,416.508590114946,1.99044225114017,0.999977162359183,35.2465207906911,21.7927603776337,319.813504117719
2020-05-08,33542.64,10.4205727442653,364.292997476064,1.98907978031914,0.99997018720053,32.2502001069249,-2.99632068376614,-52.215592638882
2020-05-09,32270,10.381893285046,357.277051869445,1.98886653077566,0.999969011465758,31.8370623873296,-0.413137719595373,-7.01594560661897
2020-05-10,3220,8.07713663853845,111.490087672889,1.96475463115749,0.999689440993789,14.7667625193284,-17.0702998680012,-245.786964196556
2020-05-11,62860,11.0486653103516,499.437932350555,1.99202294094256,0.999984091632199,39.761075721172,24.9943132018437,387.947844677667
2020-05-12,61167.16,11.0213657231712,492.639909429071,1.99191330920989,0.999983651358016,39.4008966788122,-0.360179042359853,-6.79802292148412
2020-05-13,41804.86,10.6407678796968,406.924736351324,1.99021824887462,0.99997607933623,34.7063485852503,-4.69454809356187,-85.715173077747
2020-05-14,6730,8.81433042263877,162.07315441595,1.97562063084458,0.999851411589896,18.880131785923,-15.8262167993273,-244.851581935375
2020-05-15,52432.22,10.8672765668407,455.961657783706,1.99126564433503,0.999980927757779,37.4282408449606,18.5481090590376,293.888503367756
2020-05-16,17310,9.75903964817026,261.134946367829,1.98479867438661,0.999942229924899,25.8681689825481,-11.5600718624125,-194.826711415877
2020-05-17,49142.7,10.8024835896207,441.363056647709,1.99097804848639,0.999979651097722,36.6285453203099,10.7603763377618,180.228110279881
2020-05-18,4160,8.33327035325531,126.996123972777,1.9689913163527,0.999759615384615,16.0829030343562,-20.5456422859537,-314.366932674933
2020-05-19,24725.1,10.1155742009721,312.484339832686,1.9872807657064,0.999959555269746,29.1326071357064,13.0497041013502,185.488215859909
2020-05-20,29432.58,10.2898575030324,341.118521796769,1.98834222070247,0.999966024045463,30.8751761751873,1.74256903948089,28.6341819640836
2020-05-21,337.72,5.8222171498013,34.7543194740428,1.8911692541927,0.997038967191756,6.96389573596629,-23.911280439221,-306.364202322726
2020-05-22,31464.82,10.3566253753027,352.766514767107,1.98872497872967,0.999968218473838,31.570036490658,24.6061407546917,318.012195293064
2020-05-23,39000.78,10.5713369249118,392.972302826414,1.98987270760158,0.999974359487169,33.9123405093974,2.3423040187394,40.2057880593064
2020-05-24,35582.31,10.479603883227,375.265476819706,1.9893973865997,0.999971896147271,32.8910733566164,-1.02126715278092,-17.7068260067078
2020-05-25,36204.79,10.4969467095023,378.551126657115,1.98948892876724,0.999972379345385,33.0817654058076,0.19069204919122,3.28564983740972
2020-05-26,14100,9.55393007636626,235.486841740758,1.98315696157867,0.999929078014184,24.1586708916072,-8.92309451420047,-143.064284916357
2020-05-27,35560.27,10.4789842823999,375.148617921371,1.98939410139683,0.999971878728705,32.8842809459858,8.72561005437857,139.661776180612
2020-05-28,27809.66,10.2331387213352,331.524571808435,1.98800688063758,0.99996404127199,30.2969255522594,-2.58735539372637,-43.6240461129356
2020-05-29,29192,10.2816499781163,339.713330146777,1.98829428164748,0.999965744039463,30.7908220250177,0.493896472758301,8.18875833834153
2020-05-30,47095.77,10.7599384670542,432.031197035421,1.9907840726028,0.999978766670552,36.1127560346468,5.3219340096291,92.3178668886439
2020-05-31,58920,10.9839358705766,483.468845550361,1.99176054233621,0.999983027834352,38.9123607359578,2.79960470131098,51.4376485149401
2020-06-01,38337.8,10.5541916336283,389.600817159515,1.98978551671824,0.999973916082822,33.7190809652393,-5.19327977071843,-93.8680283908453
2020-06-02,22925.2,10.0399920211869,300.821399508027,1.98679089388498,0.99995637987891,28.4078071507173,-5.31127381452204,-88.7794176514884
2020-06-03,32309.58,10.3831190596626,357.497315706251,1.98887335224703,0.999969049427445,31.8500733995566,3.44226624883935,56.6759161982242
2020-06-04,39258.98,10.5779354868511,394.277579481858,1.98990606532615,0.9999745281207,33.9870134947981,2.13694009524146,36.7802637756067
2020-06-05,16957.06,9.73843954526261,258.438553213613,1.98464129081258,0.999941027513024,25.6911484705503,-8.29586502424775,-135.839026268245
2020-06-06,29467.3,10.2910364529393,341.320841196686,1.98834909064635,0.999966064077808,30.8873119883096,5.19616351775926,82.8822879830726
2020-06-07,35280.79,10.4710939021603,373.663626133806,1.98935217646391,0.999971655963486,32.7979047590812,1.91059277077161,32.3427849371203
2020-06-08,55436.85,10.9229998140678,468.900626459554,1.9915056388222,0.999981961457045,38.1299452511975,5.33204049211624,95.2370003257476
2020-06-09,25858.91,10.1604105013988,319.614116605599,1.98756273498745,0.999961328609752,29.5712764639681,-8.55866878722933,-149.286509853954
2020-06-10,18309.14,9.81515566769602,268.622541559272,1.98521926526537,0.999945382470176,26.3565957273707,-3.21468073659747,-50.9915750463271
2020-06-11,8505.13,9.04842478983954,182.446523415325,1.97831349745209,0.99988242390181,20.4123803487382,-5.94421537863244,-86.1760181439473
2020-06-12,9106.53,9.11674701758336,188.856281007464,1.97904182152725,0.999890188688776,20.8825873909366,0.470207042198378,6.40975759213885
2020-06-13,39970.38,10.5958939587905,397.851872572832,1.98999629544245,0.999974981473781,34.1910752677559,13.3084878768193,208.995591565368
2020-06-14,17211.31,9.75332200484445,260.383764741647,1.98475515432924,0.999941898670119,25.8189142796834,-8.37216098807256,-137.468107831185
2020-06-15,21794.56,9.98941567635217,293.259614576731,1.98645260034721,0.999954116990662,27.9329005552395,2.11398627555615,32.8758498350845
2020-06-16,265.91,5.58315790566516,30.6134941396962,1.87735138152121,0.996239329096311,6.43050218314043,-21.5023983720991,-262.646120437035
2020-06-17,305.21,5.72100006427327,32.9405208890766,1.88551973759354,0.996723567379837,6.7328600349168,0.302357851776363,2.32702674938039
2020-06-18,1039.03,6.94604286459961,62.4679765464994,1.93795369089776,0.999037563881697,10.1284431717943,3.39558313687753,29.5274556574228
2020-06-19,27951.76,10.2382354461893,332.375597195728,1.98803740454284,0.999964224077482,30.3484409976986,20.2199978259043,269.907620649229
2020-06-20,32371.01,10.3850185481635,357.838908402079,1.98888391470016,0.999969108161902,31.8702460679004,1.52180507020181,25.4633112063508
2020-06-21,15575.78,9.6534724226585,247.605929416751,1.98397473966525,0.999935797757801,24.9737217210937,-6.89652434680666,-110.232978985328
2020-06-22,22868.7,10.0375244423754,300.448012061577,1.98677458657197,0.999956272109914,28.3844505900574,3.41072886896366,52.8420826448266
2020-06-23,50933.66,10.8382792806384,449.369737576635,1.99113808554939,0.999980366618068,37.0682111580323,8.68376056797495,148.921725515057
2020-06-24,20751.01,9.94035019917306,286.104217254798,1.98611613520234,0.99995180957457,27.479769142503,-9.58844201552936,-163.265520321836
2020-06-25,21070,9.95560550679823,288.310178946588,1.98622163365227,0.999952539155197,27.6198624790255,0.140093336522536,2.20596169178981
2020-06-26,15230,9.63102244588921,244.819772303598,1.98379384292163,0.999934340118188,24.7875327554756,-2.8323297235499,-43.4904066429899
2020-06-27,16620,9.71836206840944,255.837157911733,1.98448633225561,0.999939831528279,25.5197847225218,0.732251967046132,11.0173856081349
2020-06-28,23940,10.083305979112,307.451126997463,1.98707388776118,0.999958228905597,28.8209338541981,3.3011491316763,51.61396908573
2020-06-29,17590,9.7750858377316,263.254594682166,1.98492014811358,0.999943149516771,26.0069015209339,-2.81403233326414,-44.1965323152974
2020-06-30,9600,9.16951837745593,193.959179422654,1.97958758547681,0.999895833333333,21.2531713836522,-4.75373013728169,-69.2954152595114
2020-07-01,19630,9.88481428727051,278.214203779894,1.98572520612431,0.999949057564952,26.9757441051888,5.72257272153655,84.2550243572398
2020-07-02,7100,8.86785006302941,166.522995463527,1.97626436683612,0.999859154929577,19.2199734277467,-7.75577067744205,-111.691208316367
2020-07-03,16400,9.70503661381229,254.124969497314,1.98438262381114,0.999939024390244,25.4066818554496,6.1867084277029,87.6019740337868
2020-07-04,6820,8.82761475083751,163.166582576501,1.97578202601518,0.999853372434018,18.9639204507249,-6.44276140472474,-90.9583869208133
2020-07-05,17340,9.76077125033453,261.362867542104,1.98481183001487,0.999942329873126,25.8831044183043,6.91918396757942,98.1962849656038
2020-07-06,20320,9.91936090169242,283.096474899287,1.98596966166834,0.999950787401575,27.2881797952517,1.40507537694744,21.7336073571829
2020-07-07,16983.09,9.73997342210779,258.63837016065,1.98465306548098,0.999941117900217,25.7042875151319,-1.58389228011985,-24.4581047386374
2020-07-08,40191.15,10.601402101117,398.954610897543,1.99002380845292,0.999975118900554,34.2539093695901,8.54962185445825,140.316240736893
2020-07-09,10960,9.30200756050201,207.380037252838,1.98089598200248,0.999908759124088,22.2128108295334,-12.0410985400567,-191.574573644704
2020-07-10,2510,7.82803803212583,98.1998003990028,1.96007976079721,0.999601593625498,13.5901601257375,-8.62265070379598,-109.180236853836
2020-07-11,4350,8.37793112408273,129.909059582729,1.96967607825684,0.999770114942529,16.3241190102949,2.73395888455745,31.7092591837264
2020-07-12,2590,7.85941315469358,99.7840851999958,1.96070112540541,0.9996138996139,13.7330369328893,-2.59108207740561,-30.1249743827334
2020-07-13,54041.01,10.8974984817588,462.934446992261,1.99139663661001,0.999981495534595,37.8071974760626,24.0741605431733,363.150361792266
2020-07-14,37278.83,10.5261808841869,384.154528654009,1.98964145257096,0.99997317512379,33.4057139398965,-4.40148353616614,-78.7799183382521
2020-07-15,27390,10.2179332622571,328.998489422535,1.98791535270454,0.999963490324936,30.143754498972,-3.26195944092448,-55.1560392314744
2020-07-16,52693.02,10.8722382779396,457.09920496555,1.99128728615354,0.999981022154358,37.4901947697557,7.34644027078372,128.100715543015
2020-07-17,9000,9.10497985631836,187.736659610103,1.97891814893221,0.999888888888889,20.800838230519,-16.6893565392367,-269.362545355447
2020-07-18,12830,9.45954145760968,224.539179834306,1.98234301014542,0.999922057677319,23.4104027576978,2.60956452717877,36.802520224203
2020-07-19,9690,9.17884970488481,194.875595237195,1.97968260111071,0.999896800825593,21.3193810680064,-2.09102168969136,-29.6635845971105
2020-07-20,7830,8.96571778898485,174.974574445031,1.97739788321264,0.999872286079183,19.8573178440787,-1.46206322392776,-19.9010207921639
2020-07-21,52080,10.8605362768825,454.420858419069,1.99123615863251,0.999980798771121,37.3442428434691,17.4869249993904,279.446283974038
2020-07-22,13980.13,9.54539231474313,234.475199545322,1.9830849069683,0.999928469906932,24.0900149748529,-13.2542278686162,-219.945658873747
2020-07-23,24624.55,10.1114991917616,311.844228877958,1.98725482378854,0.999959390120835,29.0930621187037,5.00304714385085,77.3690293326358
2020-07-24,37530,10.5328958921291,385.45322298311,1.98967617311529,0.999973354649614,33.4805708976275,4.38750877892375,73.6089941051524
2020-07-25,31910,10.3706747192723,355.267406853746,1.98880390451728,0.999968661861485,31.7182293224243,-1.76234157520321,-30.1858161293645
2020-07-26,26919.21,10.2005954371171,326.141493871165,1.98781013655783,0.999962851807315,29.9700478834204,-1.7481814390039,-29.1259129825805
2020-07-27,27930,10.2374566589392,332.245418816773,1.98803274547738,0.999964196204798,30.3405636938973,0.370515810476871,6.10392494560773
2020-07-28,34065.31,10.4360348434159,367.135801569016,1.98916387957224,0.999970644623519,32.4168477890796,2.07628409518231,34.8903827522429
2020-07-29,32935.18,10.4022966663703,360.961044741719,1.98897953359472,0.999969637330053,32.0543282843907,-0.36251950468889,-6.17475682729719
2020-07-30,29555.04,10.2940095666665,341.83158668162,1.98836639751861,0.999966164823326,30.917937658492,-1.13639062589869,-19.1294580600992
2020-07-31,53141,10.8807040373528,459.046635385185,1.99132408807916,0.999981182138085,37.5961385049043,6.67820084641232,117.215048703566
2020-08-01,13720,9.52660990127988,232.264807429541,1.98292530558094,0.999927113702624,23.9396632534738,-13.6564752514305,-226.781827955644
2020-08-02,21120,9.9579757378202,288.654433993359,1.98623795293592,0.999952651515152,27.6416929200447,3.70202966657098,56.389626563818
2020-08-03,12430,9.42786818450476,220.9798197147,1.98206115690147,0.999919549477072,23.1645415529627,-4.47715136708205,-67.6746142786594
2020-08-04,42791.31,10.6640903235718,411.721210478747,1.99033165354184,0.999976630769191,34.9772123776547,11.8126708246921,190.741390764048
2020-08-05,17930,9.79423056659918,265.805899860328,1.98506380926602,0.99994422755159,26.1733972345466,-8.80381514310811,-145.915310618419
2020-08-06,43206.39,10.6737436799603,413.722936581565,1.99037820709896,0.999976855275342,35.0899428170891,8.91654558254244,147.917036721237
2020-08-07,32030.24,10.3744357355505,355.939883220632,1.98882493908192,0.999968779503369,31.7580185174468,-3.33192429964226,-57.7830533609326
2020-08-08,15271.59,9.63374951852871,245.156549579411,1.98381592554676,0.999934518933523,24.8100754673182,-6.94794305012865,-110.783333641221
2020-08-09,14640,9.5915127875153,239.991735396067,1.98347050987732,0.999931693989071,24.4632240138617,-0.346851453456416,-5.16481418334445
2020-08-10,42962.83,10.6680906022458,412.549538656118,1.99035097225541,0.999976724065896,35.0238830189184,10.5606590050566,172.557803260051
2020-08-11,53148.53,10.8808457258147,459.079299036511,1.9913247026957,0.999981184804171,37.5979141931828,2.57403117426449,46.5297603803927
2020-08-12,19680,9.88735817060624,278.570846668003,1.98574335128719,0.99994918699187,26.9986281881899,-10.5992860049929,-180.508452368508
2020-08-13,18420,9.8211923098093,269.440601237177,1.98526381100775,0.999945711183496,26.4096842340871,-0.588943954102767,-9.13024543082616
2020-08-14,22570,10.0243768698116,298.466304267217,1.98668735913747,0.999955693398316,28.2603272342543,1.8506430001672,29.0257030300405
2020-08-15,23936.96,10.0831789869218,307.431478683084,1.98707306697747,0.999958223600658,28.8197138688489,0.55938663459456,8.96517441586707
2020-08-16,17890,9.79199717650277,265.507009253963,1.98504712077954,0.999944102850755,26.1539193503408,-2.6657945185081,-41.9244694291211
2020-08-17,18675.8,9.83498384710224,271.318861405502,1.98536507879687,0.999946454770345,26.5313737824315,0.377454432090687,5.8118521515388
2020-08-18,19370,9.87148075640104,276.352294763309,1.98562972148873,0.999948373773877,26.8561161736482,0.324742391216692,5.03343335780681
2020-08-19,20378.2,9.92222098099191,283.50446581446,1.98598971126918,0.99995092795242,27.3142076529543,0.458091479306081,7.15217105115073
2020-08-20,18610,9.8314543496363,270.836947644559,1.98533922903576,0.999946265448683,26.5001779980924,-0.814029654861844,-12.6675181699003
2020-08-21,45350,10.7221654555433,423.910788780937,1.99060836187914,0.999977949283352,35.6609107470892,9.16073274899678,153.073841136378
2020-08-22,33662.29,10.4241334987046,364.945718056499,1.98909920513261,0.999970293167815,32.2885011802809,-3.37240956680828,-58.9650707244378
2020-08-23,26606.97,10.1889284905211,324.232861618814,1.98773881950411,0.999962415863212,29.853721243437,-2.43477993684385,-40.7128564376857
2020-08-24,30860,10.3372161259172,349.340290886201,1.98861502621885,0.999967595593001,31.3664455548991,1.51272431146205,25.1074292673868
2020-08-25,40930,10.6196185694864,402.623281584241,1.99011426138323,0.999975568043,34.4625372245367,3.09609166963763,53.2829906980404
2020-08-26,21300,9.96646235169752,289.890390386529,1.98629622580345,0.999953051643193,27.7199984174875,-6.74253880704923,-112.732891197712
2020-08-27,8440,9.04073758759,181.738945245694,1.97822998279079,0.999881516587678,20.3601426056248,-7.35985581186267,-108.151445140835
2020-08-28,17820,9.7880767010248,264.983145535444,1.98501778083415,0.999943883277217,26.1197630735208,5.75962046789601,83.2442002897503
2020-08-29,9970,9.20733586295588,197.699774661866,1.97996993233081,0.999899699097292,21.5227809730924,-4.59698210042843,-67.2833708735782
2020-08-30,18450,9.82281964946867,269.661554144123,1.98527579652335,0.999945799457995,26.4240139624735,4.90123298938114,71.9617794822568
2020-08-31,9320,9.13991790767964,191.080294178355,1.97928323023837,0.999892703862661,21.0445012465096,-5.37951271596394,-78.5812599657678
2020-09-01,32732.41,10.3961209975373,359.842009722475,1.98894545162662,0.999969449240065,31.9884105166695,10.9439092701599,168.761715544121
2020-09-02,31455.01,10.3563135499186,352.71120647648,1.9887232206737,0.999968208562006,31.5667552149399,-0.421655301729643,-7.13080324599531
2020-09-03,34677.87,10.4538570103232,370.439901192125,1.98926001218667,0.999971163165442,32.6100004447946,1.04324522985477,17.7286947156454
2020-09-04,42830.49,10.665005511123,411.910570051068,1.99033607670491,0.999976652146637,34.9878842418125,2.37788379701784,41.4706688589426
2020-09-05,36431.94,10.5032011413983,379.743054946649,1.98952174781396,0.999972551557781,33.1508065659172,-1.83707767589529,-32.1675151044193
2020-09-06,28866.41,10.2704339143879,337.802354317918,1.98822845118884,0.999965357659647,30.6759196768406,-2.47488688907662,-41.9407006287306
2020-09-07,12380,9.42383754623859,220.530896731218,1.98202496795386,0.999919224555735,23.1334398217453,-7.54247985509526,-117.2714575867
2020-09-08,8560,9.05485546913579,183.040536099526,1.97838311494164,0.999883177570093,20.4561824353934,-2.67725738635189,-37.490360631692
2020-09-09,54371.02,10.9035865703098,464.351884310549,1.99142278580923,0.999981607849181,37.8839999017315,17.4278174663381,281.311348211023
2020-09-10,38622.05,10.5615786358788,391.049869609443,1.9898231743367,0.999974108054855,33.8022109124133,-4.08178898931821,-73.3020147011065
2020-09-11,19650,9.88583261729741,278.356915377524,1.98573247249987,0.999949109414758,26.9849023962014,-6.81730851621194,-112.692954231919
2020-09-12,24780,10.1177921551831,312.833289218278,1.98729486322767,0.999959644874899,29.1541533623739,2.1692509661725,34.4763738407545
2020-09-13,10830,9.29007533999504,206.134571851963,1.98078166464894,0.999907663896584,22.1246369119131,-7.02951645046078,-106.698717366315
2020-09-14,33490.15,10.4190066447272,364.006284099058,1.98907122589481,0.999970140474139,32.2333688260536,10.1087319141406,157.871712247094
2020-09-15,49027.38,10.8001341965461,440.842545381538,1.990967444204,0.999979603233948,36.5998715991793,4.36650277312562,76.8362612824808
2020-09-16,43995.41,10.6918405892771,417.501656730936,1.99046487675121,0.999977270356158,35.3022557121728,-1.29761588700649,-23.3408886506025
2020-09-17,51424.93,10.8478783533146,451.541310136133,1.99118051672338,0.999980554178683,37.1870079307815,1.88475221860869,34.039653405197
2020-09-18,317.4,5.76016280809231,33.6314467851082,1.88773961315341,0.996849401386263,6.82132864841405,-30.3656792823674,-417.909863351025
2020-09-19,10311.56,9.24102087497323,201.091703424832,1.98030446378387,0.99990302146329,21.7658078589555,14.9444792105414,167.460256639724
2020-09-20,14000.37,9.5468390368196,234.646318374067,1.9830971382632,0.999928573316277,24.1016349619385,2.33582710298299,33.5546149492344
2020-09-21,15920,9.67533145939837,250.3489647294,1.98414893437629,0.999937185929648,25.156353438871,1.05471847693252,15.7026463553335
2020-09-22,35511.02,10.4775983498276,374.887357177181,1.98938674931959,0.999971839727499,32.8690926558869,7.71273921701594,124.538392447781
2020-09-23,77153.52,11.2535524821556,553.530449210482,1.99279967460706,0.999987038828559,42.571463619156,9.7023709632691,178.643092033301
2020-09-24,30065.19,10.3111233030945,344.786331910587,1.98846552002796,0.999966738942944,31.0948154976074,-11.4766481215486,-208.744117299895
2020-09-25,29083.58,10.277929032736,339.078172857777,1.98827248320675,0.999965616337466,30.7526553769226,-0.342160120684827,-5.70815905280966
2020-09-26,15964.18,9.67810274147464,250.698872177934,1.98417088305331,0.999937359764172,25.1796026260234,-5.57305275089913,-88.3793006798432
2020-09-27,22341.85,10.0142168802957,296.943807428754,1.98661955892512,0.99995524094916,28.1647809077175,2.98517828169406,46.2449352508198
2020-09-28,26777.88,10.1953314525567,325.278963576946,1.98777801067236,0.999962655744219,29.917506703117,1.75272579539954,28.335156148192
2020-09-29,356.13,5.87529583273355,35.7428138855597,1.89401956059428,0.997192036615843,7.08820364784052,-22.8293030552765,-289.536149691386
2020-09-30,319.05,5.76534783031436,33.7239415518501,1.88803027252202,0.996865695032127,6.83312842270069,-0.255075225139835,-2.01887233370966
2020-10-01,27184.6,10.2104059154751,327.755060613177,1.98786978434065,0.999963214467014,30.0682151426158,23.2350867199151,294.031119061327
2020-10-02,34805.58,10.4575329977363,371.125072864314,1.98927973408677,0.999971268974687,32.6499829193635,2.58176777674765,43.3700122511375
2020-10-03,19920,9.89947953113859,280.276460230038,1.98582949496837,0.999949799196787,27.1079355672249,-5.54204735213857,-90.848612634277
2020-10-04,33850,10.4296942783404,365.967389859482,1.98912947149603,0.999970457902511,32.3484064297228,5.24047086249795,85.6909296294444
2020-10-05,38709.14,10.5638310268434,391.492769946285,1.98983462898049,0.999974166308009,33.8275990400332,1.4791926103104,25.525380086803
2020-10-06,55487.05,10.9239049391747,469.113786680033,1.99150948218224,0.999981977776796,38.1414511104088,4.31385207037552,77.6210167337484
2020-10-07,60310.13,11.0072553619725,489.162417128998,1.99185605441194,0.999983419037565,39.2160115244756,1.07456041406685,20.0486304489649
2020-10-08,335.85,5.81666463171287,34.6524214752586,1.89086669204925,0.997022480273932,6.95101860404698,-32.2649929204286,-454.50999565374
2020-10-09,31830.44,10.3681783436176,354.821748216108,1.98878992096194,0.99996858353199,31.6918467622467,24.7408281581997,320.16932674085
2020-10-10,13010,9.47347357150655,226.122773961742,1.98246558232423,0.999923136049193,23.5193743952561,-8.17247236699064,-128.698974254367
2020-10-11,8383.68,9.03404223789348,181.124875426579,1.978156981728,0.999880720638192,20.314753848526,-3.20462054673008,-44.997898535163
2020-10-12,41883.11,10.6426379220172,407.30726844267,1.99022739074432,0.999976124027084,34.7279894429831,14.4132355944571,226.182393016091
2020-10-13,2570.29,7.85177401199018,99.3960551500895,1.96055073351642,0.999610938843477,13.6981118750503,-21.0298775679327,-307.911213292581
2020-10-14,29458.07,10.2907231753112,341.267068038867,1.98834726551879,0.999966053444778,30.8840867221,17.1859748470497,241.871012888777
2020-10-15,50728.51,10.8342433589486,448.459809527998,1.99112018449728,0.999980287219159,37.0183765545029,6.13428983240286,107.192741489131
2020-10-16,52423.08,10.8671022313512,455.921740038623,1.99126488294777,0.999980924432521,37.4260658845944,0.407689330091529,7.461930510625
2020-10-17,24905.75,10.1228539794888,313.631113802173,1.98732697815556,0.999959848629333,29.2033859525144,-8.22267993208001,-142.29062623645
2020-10-18,46579.82,10.7489226791114,429.647170730911,1.99073317220352,0.999978531475648,35.98039570475,6.7770097522356,116.016056928738
2020-10-19,12910.57,9.46580163468632,225.249378436994,1.98239819168038,0.99992254408597,23.45930485148,-12.52109085327,-204.397792293917
2020-10-20,46492.05,10.7470366092169,429.240304238831,1.9907244291392,0.999978490946302,35.9577823001942,12.4984774487141,203.990925801838
2020-10-21,26819.35,10.1968789208969,325.532288484662,1.98778746358563,0.999962713488582,29.9329428154049,-6.02483948478928,-103.708015754169
2020-10-22,7140,8.87346805533363,166.997041394221,1.97633094658344,0.999859943977591,19.2559997040437,-10.6769431113612,-158.535247090441
2020-10-23,23180,10.0510451168937,302.499589490692,1.98686369329203,0.999956859361519,28.5126649363768,9.25666523233303,135.502548096471
2020-10-24,12650,9.44541249415567,222.94443758404,1.98221783102102,0.999920948616601,23.3004070735121,-5.21225786286471,-79.5551519066522
2020-10-25,8613.82,9.06112316918026,183.621334980653,1.97845075297828,0.999883907488199,20.498964849575,-2.80144222393711,-39.3231026033864
2020-10-26,54916.7,10.9135727706767,466.686248998197,1.99146550595724,0.999981790602858,38.0103157589118,17.5113509093368,283.064914017544
2020-10-27,35872.3,10.4877206889056,376.799683210005,1.98944032907815,0.999972123337506,32.9801840015536,-5.03013175735816,-89.8865657881922
2020-10-28,14695.31,9.59528367424126,240.448427505727,1.9835016459329,0.999931951078269,24.4939926962493,-8.48619130530428,-136.351255704278
2020-10-29,29293.33,10.2851151240389,340.305886598522,1.98831454509957,0.999965862535942,30.8264074696524,6.33241477340307,99.8574590927941
2020-10-30,33916.16,10.4316468759502,366.326811405306,1.98914007920103,0.99997051553006,32.3694677567205,1.54306028706813,26.0209248067844
2020-10-31,29934.24,10.3067582546958,344.030287691699,1.98844031825456,0.999966593439486,31.0496049384313,-1.31986281828926,-22.2965237136071
2020-11-01,11950,9.38848655735966,216.632111090755,1.98170442585015,0.999916317991632,22.862442967345,-8.18716197108629,-127.398176600944
2020-11-02,21860,9.99241376173053,293.70255325242,1.98647289326384,0.999954254345837,27.9608295820928,5.09838661474786,77.0704421616651
2020-11-03,32850.52,10.3997228533156,360.49424823023,1.988965342155,0.999969559081561,32.026839461726,4.06600987963316,66.7916949778108
2020-11-04,7312.56,8.89734869663466,169.027015409847,1.97661188210287,0.999863248985307,19.409893278238,-12.616946183488,-191.467232820384
2020-11-05,37062.08,10.5203496234668,383.030284523179,1.98961120680428,0.999973018243984,33.340844529553,13.9309512513151,214.003269113332
2020-11-06,44753.42,10.7089231453638,421.100082722753,1.99054597206822,0.999977655338966,35.5038467034448,2.1630021738918,38.0697981995737
2020-11-07,52302.68,10.86480289157,455.395583712829,1.99125483467171,0.999980880520845,37.3973917938628,1.89354509041792,34.2955009900767
2020-11-08,55492.09,10.9239957670547,469.135182299094,1.99150986776135,0.999981979413642,38.1426058969376,0.745214103074815,13.7395985862642
2020-11-09,50381.73,10.8273838883405,446.917497988216,1.99108967679379,0.99998015153509,36.9338310922097,-1.20877480472788,-22.2176843108773
2020-11-10,56622.22,10.9441567666574,473.908478596463,1.99159502261486,0.999982339088789,38.3998001653374,1.46596907312769,26.9909806082466
2020-11-11,30140,10.3136084721805,345.217511079151,1.98847984369346,0.999966821499668,31.1205847943803,-7.27921537095706,-128.690967517312
2020-11-12,23690,10.0728082971528,305.831122533119,1.98700586228227,0.999957788096243,28.7202590997282,-2.40032569465208,-39.3863885460319
2020-11-13,6660,8.80387476353443,161.217646104825,1.97549284593021,0.99984984984985,18.814444911741,-9.90581418798726,-144.613476428293
2020-11-14,16530,9.71293219081507,255.138095194003,1.9844441563706,0.999939503932244,25.47363672902,6.659191817279,93.9204490891773
2020-11-15,23455.43,10.0628573035726,304.30331372677,1.98694104888605,0.999957365948951,28.6251518841696,3.15151515514963,49.1652185327673
2020-11-16,40301.07,10.6041332984508,399.502528011966,1.99003742262893,0.999975186763031,34.2851082978212,5.65995641365159,95.1992142851966
2020-11-17,22590,10.0252626094621,298.599401197008,1.98669325359907,0.999955732625055,28.2686722302315,-6.01643606758965,-100.903126814958
2020-11-18,45758.35,10.7311295677113,425.82402924567,1.9906503615352,0.999978146065144,35.7676262372769,7.49895400704532,127.224628048662
2020-11-19,36610.06,10.5080783450094,380.675110243664,1.98954726896805,0.999972685103493,33.2047448098346,-2.56288142744221,-45.1489190020066
2020-11-20,37686.97,10.5370696903524,386.262643065232,1.98969769543518,0.999973465630163,33.5271836979557,0.322438888121042,5.58753282156874
2020-11-21,25026.06,10.1276729609287,314.39254099931,1.98735747692608,0.999960041652581,29.2503338408826,-4.27684985707313,-71.8701020659223
2020-11-22,10961.54,9.30214806158017,207.39474683,1.9808973240229,0.999908771942629,22.2138511618514,-7.03648267903111,-106.99779416931
2020-11-23,40143.33,10.6002115785506,398.716009163597,1.99001786824452,0.999975089261404,34.2403187157351,12.0264675538836,191.321262333597
2020-11-24,30558.66,10.3274033941516,347.620708768803,1.98855903011556,0.999967276052026,31.264016325757,-2.97630238997804,-51.0953003947944
2020-11-25,56070.94,10.9343729537355,471.586063984151,1.99155380551879,0.999982165449696,38.2747719978346,7.0107556720776,123.965355215348
2020-11-26,30232.16,10.3166615374207,345.747954702828,1.98849741617196,0.99996692264132,31.1522719740471,-7.12250002378755,-125.838109281323
2020-11-27,6200,8.73230457103318,155.480157480236,1.97459997459996,0.999838709677419,18.3709055001423,-12.7813664739048,-190.267797222592
2020-11-28,15300,9.63560810738053,245.38633753706,1.98383095833091,0.999934640522876,24.825450806124,6.45454530598177,89.9061800568235
2020-11-29,51897.98,10.8570351473946,453.62256309362,1.99122080352465,0.999980731427312,37.3006859215433,12.4752351154193,208.236225556561
2020-11-30,48071.06,10.7804356118203,436.502269093331,1.99087804036164,0.999979197463089,36.3603369847377,-0.940348936805641,-17.1202940002894
2020-12-01,35540,10.4784141017086,375.041111816735,1.98939107732648,0.999971862689927,32.8780315458719,-3.48230543886583,-61.4611572765955
2020-12-02,28318.84,10.2512825865168,334.564050367831,1.98811518938036,0.999964687819134,30.4807152120553,-2.39731633381655,-40.4770614489043
2020-12-03,2738.56,7.9151875137884,102.662505225128,1.96178191997797,0.999634844589857,13.9907421787224,-16.4899730333329,-231.901545142703
2020-12-04,28726.68,10.2655815866464,336.978937398771,1.98819985680911,0.999965189155169,30.6263432424854,16.635601063763,234.316432173643
2020-12-05,24543.49,10.108201924942,311.327241075525,1.98723379433505,0.99995925599823,29.0611038216241,-1.56523942086131,-25.6516963232465
2020-12-06,341.22,5.83252743054676,34.9442823722427,1.89172884833174,0.997069339429107,6.98787014956463,-22.0732336720595,-276.382958703282
2020-12-07,11325.38,9.33480150387219,210.841537299466,1.98120667586434,0.999911702741983,22.4569580434987,15.4690878939341,175.897254927223
2020-12-08,41140.96,10.6247594978885,403.664689121447,1.99013963968946,0.999975693323636,34.5216443331161,12.0646862896175,192.823151821981
2020-12-09,279.7,5.63371760020791,31.4484678273908,1.88041305746374,0.996424740793707,6.53979530948858,-27.9818490236276,-372.216221294056
2020-12-10,4579.55,8.42935601900595,133.344745003269,1.97044584183964,0.999781637933858,16.6063531108955,10.0665578014069,101.896277175879
2020-12-11,24701.97,10.1146382765207,312.33720746994,1.98727481219231,0.999959517398815,29.123519913488,12.5171668025926,178.992462466671
2020-12-12,9905.31,9.20082625596748,197.050847775135,1.97990463218464,0.999899044048091,21.4761299895138,-7.64738992397426,-115.286359694805
2020-12-13,11280,9.33078652505205,210.414688757628,1.98116891057113,0.999911347517731,22.426923409082,0.950793419568203,13.363840982493
2020-12-14,24131.1,10.091256743987,308.68376204752,1.98712517199599,0.999958559700967,28.8974179835031,6.47049457442109,98.2690732898918
2020-12-15,4790,8.47428569040496,136.419651783986,1.97110236914739,0.999791231732777,16.8569308190727,-12.0404871644304,-172.264110263534
2020-12-16,13650,9.52149480061311,231.666428910958,1.98288158029956,0.99992673992674,23.8988801025177,7.04194928344502,95.2467771269721
2020-12-17,14230,9.5631076910839,236.579127335146,1.98323407397504,0.999929725931131,24.2326903787801,0.333810276262387,4.91269842418802
2020-12-18,3170,8.06148686687133,110.605506082074,1.96447775833373,0.999684542586751,14.6899309391131,-9.54275943966701,-125.973621253072
2020-12-19,24150,10.0920396590807,308.805405358401,1.98713021095824,0.999958592132505,28.9049603758719,14.2150294367588,198.199899276327
2020-12-20,33095.33,10.4071474637981,361.842438426306,1.98900623023169,0.99996978425657,32.106199893931,3.20123951805909,53.0370330679047
2020-12-21,43338.74,10.6768022022173,414.359171869673,1.99039291008761,0.999976925955854,35.1257355164852,3.01953562255424,52.5167334433672
2020-12-22,22930,10.040201375852,300.85309970347,1.98679227650661,0.999956389010031,28.4097896555409,-6.7159458609444,-113.506072166203
2020-12-23,45630,10.7283206739214,425.22359485403,1.99063722123923,0.999978084593469,35.734152755893,7.32436310035213,124.37049515056
2020-12-24,15996.21,9.68010709816261,250.952248458084,1.9841867387051,0.999937485191805,25.1964312154547,-10.5377215404383,-174.271346395946
2020-12-25,333.1,5.80844274519963,34.5020547366857,1.89041712777939,0.99699789852897,6.9319945228893,-18.2644366925654,-216.450193721398
2020-12-26,12780.57,9.4556813278759,224.10236619726,1.982308898101,0.9999217562284,23.3802997315272,16.4483052086379,189.600311460575
2020-12-27,15221.03,9.6304333032389,244.7470769837,1.98378906834927,0.999934301423754,24.7826654358348,1.40236570430757,20.6447107864398
2020-12-28,1670.56,7.4209141785418,79.7449692641694,1.9510673251699,0.999401398333493,11.8655359497192,-12.9171294861156,-165.002107719531
2020-12-29,31966.21,10.3724346863871,355.581934666728,1.98881375256351,0.999968716967072,31.7368424618251,19.8713065121059,275.836965402559
2020-12-30,68335.87,11.1321900907147,520.822608539455,1.99234922144784,0.999985366396886,40.8836419301495,9.14679946832438,165.240673872727
2020-12-31,15501.29,9.64867852525071,247.00835327354,1.98393628186599,0.999935489239928,24.933846435976,-15.9497954941735,-273.814255265915
2021-01-01,15312.87,9.63644893026046,245.490363448761,1.9838377545523,0.999934695455522,24.8324097169612,-0.101436719014753,-1.5179898247784
2021-01-02,31680.37,10.3634525251531,353.979606157432,1.98876340124319,0.999968434712095,31.6419627581523,6.80955304119107,108.48924270867
2021-01-03,31883.29,10.3698373270776,355.117851696047,1.98879921577428,0.999968635608182,31.7093770254008,0.067414267248523,1.13824553861571
2021-01-04,24871.47,10.1214766424089,313.413823412989,1.98731824763824,0.999959793289259,29.1899813944057,-2.51939563099512,-41.7040282830587
2021-01-05,14482.02,9.58066315897253,238.682529486459,1.98338059680304,0.999930948859344,24.3749115052671,-4.81506988913856,-74.73129392653
2021-01-06,39530,10.5848151562907,395.643056018837,1.98994072714346,0.999974702757399,34.0650427358619,9.69013123059478,156.960526532378
2021-01-07,68908,11.1405275605663,523.006666624339,1.99238104912892,0.999985487896906,40.9974220072484,6.93237927138643,127.363610605502
2021-01-08,56119.08,10.9352311406394,471.789320267986,1.99155742894809,0.999982180748508,38.2857225333867,-2.71169947386164,-51.2173463563535
2021-01-09,12161.77,9.40605270413797,218.560830611421,1.98186441360004,0.999917775126482,22.9967040015419,-15.2890185318448,-253.228489656565
2021-01-10,22869.4,10.03755505143,300.452640920856,1.98677478897912,0.999956273448363,28.3847401986008,5.38803619705887,81.8918103094345
2021-01-11,280.09,5.63511098009358,31.4717791579713,1.88049634346827,0.996429719018887,6.54283348807033,-21.8419067105304,-268.980861762884
2021-01-12,275.78,5.61960344641359,31.2132503678878,1.87956613834256,0.996373921241569,6.50909968098402,-0.033733807086305,-0.258528790083453
2021-01-13,292.64,5.67894318464256,32.213447648549,1.88308690661376,0.996582832148715,6.6391308679997,0.130031187015678,1.00019728066115
2021-01-14,327.64,5.7919154446474,34.2016574206209,1.88950782132639,0.99694786961299,6.89391047133638,0.25477960333668,1.98820977207199
2021-01-15,14237.83,9.56365778571334,236.644756908674,1.98323868476385,0.999929764577889,24.2371342104671,17.3432237391307,202.443099488053
2021-01-16,24165.09,10.092664308667,308.902492752953,1.98713422988481,0.999958617989836,28.9109794930038,4.6738452825367,72.2577358442792
2021-01-17,5628.73,8.6356391184227,148.049725091384,1.97334217042008,0.999822340030522,17.7883966796534,-11.1225828133504,-160.852767661569
2021-01-18,12366.84,9.4227739760017,220.412589571724,1.98201540655724,0.999919138599675,23.1252399293344,5.33684324968097,72.3628644803395
2021-01-19,15080,9.62112464156195,243.60130292814,1.98371344145039,0.999933687002653,24.7058867991633,1.58064686982895,23.1887133564163
2021-01-20,22558.88,10.0238840589896,298.392276864769,1.98668407842655,0.999955671558162,28.2556852838336,3.54979848467031,54.7909739366291
2021-01-21,22398.84,10.0167644507879,297.324840265555,1.98663659188308,0.999955354830875,28.1887083206615,-0.066976963172088,-1.06743659921403
2021-01-22,50371.22,10.8271752592127,446.870671797568,1.99108874726883,0.99998014739369,36.9312626905296,8.74255436986807,149.545831532013
2021-01-23,30339.24,10.3201972031491,346.363258682657,1.98851773285413,0.999967039385298,31.1890082911444,-5.74225439938525,-100.507413114911
2021-01-24,12109.67,9.4017595859694,218.087891534269,1.98182544268058,0.999917421366561,22.9638183482313,-8.22518994291308,-128.275367148389
2021-01-25,6284.01,8.74576359071734,156.543495609249,1.97477033047222,0.99984086594388,18.4535087810389,-4.51030956719234,-61.5443959250195
2021-01-26,430.51,6.06497055240172,39.4974698023868,1.9036085809798,0.997677173584818,7.55082516601364,-10.9026836150253,-117.046025806862
2021-01-27,804.7,6.69046953715209,54.7344692404891,1.92949612372252,0.998757300857462,9.30132173760613,-17.6474425520875,-223.059454925137
2021-01-28,361.13,5.88923800431187,36.006841489395,1.89475579018803,0.997230914075264,7.12122196339596,-18.9574598062623,-228.346682985127
2021-01-29,1947.32,7.57420934728592,86.2568977474282,1.95467776341463,0.999486473717725,12.4876037106246,-23.9191238024992,-351.084837124186
2021-01-30,14000.37,9.5468390368196,234.646318374067,1.9830971382632,0.999928573316277,24.1016349619385,2.33582710298299,33.5546149492344
2021-01-31,22457.85,10.0193954979758,297.718868274922,1.98665416020345,0.999955472140031,28.2134411051824,3.86212727473384,59.3857661021248
2021-02-01,10860,9.29284159348793,206.422647521808,1.98080822766834,0.999907918968692,22.1450471051405,5.25299757868364,69.5702078601302
2021-02-02,30140,10.3136084721805,345.217511079151,1.98847984369346,0.999966821499668,31.1205847943803,-7.27921537095706,-128.690967517312
2021-02-03,7003.53,8.85416958664243,165.374191558914,1.97610145290176,0.999857214861648,19.1325268335835,12.3466999524549,132.020549596593
2021-02-04,275.78,5.61960344641359,31.2132503678878,1.87956613834256,0.996373921241569,6.50909968098402,-0.033733807086305,-0.258528790083453
2021-02-05,55.15,4.01005674569951,12.8526091983867,1.73068704989326,0.981867633726201,3.80640655208864,-12.2692507572467,-114.05635092464
2021-02-06,279.7,5.63371760020791,31.4484678273908,1.88041305746374,0.996424740793707,6.53979530948858,-27.9818490236276,-372.216221294056
2021-02-07,9820,9.19217640134851,196.1918262694,1.97981753296646,0.99989816700611,21.4142973721461,19.2598626821142,191.867270949063
2021-02-08,34423.58,10.4464970736539,369.071852880274,1.98922041656097,0.99997095014522,32.5300959874761,11.1157986153301,172.880026610874
2021-02-09,6120.12,8.71933698315728,154.462391647322,1.97443475101022,0.999836604511023,18.2916680993652,-14.2384278881109,-214.609461232952
2021-02-10,7180,8.87905466204227,167.469761314519,1.97639696917625,0.999860724233983,19.2918916784384,-6.73653876061998,-96.1142743502778
2021-02-11,24543.49,10.108201924942,311.327241075525,1.98723379433505,0.99995925599823,29.0611038216241,-1.56523942086131,-25.6516963232465
2021-02-12,12161.77,9.40605270413797,218.560830611421,1.98186441360004,0.999917775126482,22.9967040015419,-15.2890185318448,-253.228489656565
2021-02-13,7105.36,8.86860470779087,166.586594959386,1.9762733211323,0.999859261177477,19.2248087866385,0.93314068727334,12.1242033120636
2021-02-14,13751.74,9.52892064054306,232.535626291615,1.9829450217724,0.999927281929414,23.9581097966961,4.73330101005761,65.949031332229
2021-02-15,8974.7,9.10216478661397,187.469786509617,1.97888845459908,0.999888575662696,20.7813287821839,-3.17678101451227,-45.0658397819973
2021-02-16,24200.31,10.0941207219801,309.128976471173,1.98714359541381,0.999958678215279,28.925018345599,8.14368956341514,121.659189961556
2021-02-17,22623.78,10.0267568444623,298.824068186041,1.98670319158929,0.999955798721522,28.282755750441,-0.642262595157995,-10.3049082851322
2021-02-18,3140.29,8.05207043132558,110.076580961412,1.9643101175492,0.999681558072662,14.6438942978008,-13.6388614526403,-188.747487224629
2021-02-19,18720,9.83734775003158,271.642102023793,1.98538236634488,0.999946581196581,26.5522878852355,11.9083935874347,161.565521062381
2021-02-20,30813.46,10.3357068864863,349.075262586244,1.98860643165077,0.999967546650068,31.3506696980105,4.79838181277502,77.4331605624505
2021-02-21,29237.18,10.2831964659843,339.977660089076,1.98830332952463,0.999965796974948,30.8066986610731,-0.54397103693741,-9.09760249716715
2021-02-22,6121.9,8.71962778484075,154.485143064765,1.97443846794871,0.999836652019798,18.2934412679295,-12.5132573931436,-185.492517024311
2021-02-23,10000,9.21034037197618,198,1.98,0.9999,21.5443469003188,3.25090563238938,43.5148569352349
2021-02-24,21460,9.97394601618469,290.98464123568,1.98634740721176,0.99995340167754,27.7892337932186,6.24488689289974,92.9846412356796
2021-02-25,35629.24,10.4809219280328,375.514185163948,1.98940437165755,0.999971933165007,32.9055271676436,5.11629337442504,84.5295439282688
2021-02-26,24085.54,10.0893669394067,308.390334901073,1.98711300079213,0.999958481312854,28.8792202248515,-4.02630694279215,-67.1238502628758
2021-02-27,8610,9.06067959742178,183.580171354593,1.97844597312955,0.999883855981417,20.4959341530072,-8.38328607184426,-124.81016354648
2021-02-28,35989.52,10.4909830639461,377.418080749982,1.98945753984077,0.999972214133448,33.0160680856129,12.5201339326057,193.83790939539
2021-03-01,34963.37,10.4620562210047,371.969891836228,1.98930395176906,0.99997139863806,32.6992477701685,-0.316820315444353,-5.44818891375439
2021-03-02,24315.94,10.0988873813545,309.87138374657,1.98717419997966,0.99995887471346,28.9710134463693,-3.72823432379924,-62.0985080896583
2021-03-03,36804.28,10.513369421742,381.688832258642,1.98957488552259,0.999972829247033,33.2633594346121,4.29234598824279,71.817448512072
2021-03-04,45375.93,10.7227370672249,424.032533968945,1.99061104568063,0.999977961884197,35.6677061255081,2.40434669089599,42.3437017103033
2021-03-05,24054.21,10.0880653121892,308.188394367036,1.98710461102788,0.999958427235814,28.8666929496661,-6.80101317584193,-115.844139601909
2021-03-06,19377.55,9.87187045846456,276.406537279569,1.98563252127954,0.999948393888804,26.8596050282092,-2.00708792145697,-31.7818570874673
2021-03-07,25852,10.1601432463828,319.571142983944,1.98756107291568,0.999961318273248,29.5686422239835,2.70903719577429,43.1646057043749
2021-03-08,23160,10.0501819316869,302.368198075949,1.98685802253558,0.999956822107081,28.504462212985,-1.06418001099847,-17.2029449079948
2021-03-09,3121.62,8.04610737681911,109.74291923876,1.96420354840155,0.99967965351324,14.6148157602304,-13.8896464527546,-192.625278837189
2021-03-10,14522.88,9.58348061581804,239.021824737927,1.9834039925457,0.999931143134144,24.3978140118141,9.78299825158374,129.278905499167
2021-03-11,11571.03,9.3562598395616,213.137444439595,1.98140723475442,0.999913577270131,22.6181635378854,-1.77965047392874,-25.8843802983315
2021-03-12,20421.78,9.92435725736135,283.809586963069,1.98600466820409,0.999951032671981,27.3336648118965,4.71550127401111,70.6721425234734
2021-03-13,16169.87,9.69090491295937,252.321607418638,1.98427188298863,0.999938156583819,25.2872834175172,-2.04638139437926,-31.4879795444305
2021-03-14,9265.65,9.13406929276158,190.516492799968,1.97922255936713,0.999892074490187,21.0035141511363,-4.28376926638094,-61.8051146186707
2021-03-15,360.83,5.88840693329058,35.9910515779703,1.89471204839406,0.997228611811656,7.11924948954955,-13.8842646615868,-154.525441221997
2021-03-16,356.44,5.87616592274452,35.7592372804325,1.89406565682743,0.997194478734149,7.09025973771988,-0.028989751829673,-0.231814297537845
2021-03-17,372.09,5.91913576049535,36.5792690443974,1.89631737202183,0.997312478163885,7.19254629866626,0.102286560946385,0.820031763964941
2021-03-18,338.18,5.82357829811028,34.7793420278286,1.89124329638705,0.997042994854811,6.96705608449756,-0.2254902141687,-1.79992701656878
2021-03-19,4923.36,8.50174650322721,138.33331749802,1.97149643383827,0.999796886679016,17.011940861021,10.0448847765234,103.553975470191
2021-03-20,33334.67,10.4143532754981,363.155692821569,1.98904576848004,0.999970001202952,32.1834096602635,15.1714687992426,224.822375323549
2021-03-21,56535.62,10.942626160967,473.544403815248,1.99158858779978,0.999982312036199,38.3802135114556,6.19680385119202,110.388710993679
2021-03-22,3931.47,8.27676868072714,123.402870780537,1.96810280358733,0.999745642215253,15.7828339977875,-22.5973795136681,-350.141533034711
2021-03-23,63532.41,11.059305448375,502.112725489052,1.9920652667593,0.9999842600021,39.9023472089817,24.1195132111943,378.709854708515
2021-03-24,21086.68,9.95639684050243,288.425067788578,1.98622708421674,0.999952576697707,27.6271489493498,-12.2751982596319,-213.687657700474
2021-03-25,32120,10.3772341680607,356.441069075518,1.98884056447461,0.999968866749689,31.7876565624691,4.16050761311928,68.0160012869399
2021-03-26,43910,10.6898973635558,417.094261473478,1.99045560780065,0.999977226144386,35.2793963660104,3.4917398035413,60.6531923979606
2021-03-27,35550,10.4786954352314,375.094152699296,1.98939256954432,0.999971870604782,32.8811149212576,-2.39828144475275,-42.0001087741821
2021-03-28,31742.46,10.365410495803,354.328275611128,1.98877439632558,0.999968496455536,31.6626208435348,-1.21849407772288,-20.765877088168
2021-03-29,7710,8.95027346655738,173.613211348122,1.97722267038286,0.999870298313878,19.7553529260123,-11.9072679175225,-180.715064263007
2021-03-30,15653.46,9.65844725779431,248.227576417948,1.9840145516443,0.999936116360217,25.0151694603039,5.25981653429167,74.6143650698265
2021-03-31,43081.55,10.670850110196,413.121909804819,1.99036427635949,0.999976788207481,35.0561140681635,10.0409446078596,164.894333386871
2021-04-01,21123.22,9.95812818832024,288.676590044675,1.98623900191142,0.999952658732902,27.6430976190382,-7.41301644912531,-124.445319760144
2021-04-02,20145.88,9.91075507996746,281.872365685707,1.98590916030048,0.999950362059141,27.2100128937518,-0.433084725286403,-6.80422435896742
2021-04-03,7248.9,8.88860501219952,168.280944324372,1.97650940910699,0.999862048034874,19.3534043112612,-7.85660858249054,-113.591421361335
2021-04-04,25315.56,10.1391745054313,316.217284257157,1.98742997254427,0.999960498602441,29.3626904210909,10.0092861098297,147.936339932784
2021-04-05,38570.51,10.5602432738268,390.787525260159,1.98981637719439,0.999974073456638,33.7871681973319,4.42447777624098,74.5702410030023
2021-04-06,25264.29,10.1371472152136,315.894888288566,1.98741722453754,0.999960418440415,29.3428548922224,-4.4443133051095,-74.8926369715928
2021-04-07,312.47,5.74450846456816,33.3536419623212,1.88685748403904,0.996799692770506,6.78582688112866,-22.5570280110938,-282.541246326245
2021-04-08,7003.53,8.85416958664243,165.374191558914,1.97610145290176,0.999857214861648,19.1325268335835,12.3466999524549,132.020549596593
2021-04-09,59844.17,10.9994992960493,487.261361646309,1.9918244106043,0.999983289934508,39.1147551491869,19.9822283156034,321.887170087395
2021-04-10,40622.63,10.6120805794687,401.10112875059,1.99007693178037,0.999975383179277,34.376053168835,-4.73870198035191,-86.1602328957185
2021-04-11,14010,9.54752663933105,234.727691662805,1.98310294848945,0.999928622412562,24.1071597099627,-10.2688934588723,-166.373437087785
2021-04-12,21930,9.99561084141193,294.175623574932,1.98649449960899,0.999954400364797,27.9906431320311,3.88348342206831,59.4479319121273
2021-04-13,33386.43,10.4159048089825,363.439078370116,1.98905426311318,0.999970047711001,32.2000585110108,4.20941537897973,69.2634547951841
2021-04-14,62750,11.046913856994,498.999001995014,1.99201595215944,0.99998406374502,39.7378692728096,7.53781076179877,135.559923624897
2021-04-15,31343.52,10.3527628261314,352.082024395478,1.98870318252719,0.999968095478746,31.5294157068035,-8.20845356600605,-146.916977599536
2021-04-16,17729.79,9.78300155466647,264.306515128714,1.98497971407847,0.999943597752709,26.0756132217291,-5.4538024850744,-87.775509266764
2021-04-17,26537.43,10.1863114682313,323.80626144996,1.98772276511139,0.999962317375872,29.8276899811776,3.75207675944853,59.4997463212463
2021-04-18,61692.82,11.029922833592,494.760787502396,1.99194783465074,0.999983790658297,39.5134430556545,9.68575307447686,170.954526052435
2021-04-19,17736.05,9.78335457041712,264.353524474522,1.98498236504326,0.999943617660077,26.0786817696582,-13.4347612859963,-230.407263027873
2021-04-20,361.13,5.88923800431187,36.006841489395,1.89475579018803,0.997230914075264,7.12122196339596,-18.9574598062623,-228.346682985127
2021-04-21,4108.15,8.32072808450062,126.189703174631,1.96879624571288,0.999756581429597,16.0158046955844,8.89458273218848,90.182861685236
2021-04-22,15633.73,9.6571860385787,248.069830247473,1.98400446788786,0.999936035738112,25.0046551331356,8.98885043755118,121.880127072842
2021-04-23,19571.16,9.88181233303306,277.793924165626,1.9857037638972,0.999948904408323,26.9487642896936,1.94410915655797,29.7240939181528
2021-04-24,804.7,6.69046953715209,54.7344692404891,1.92949612372252,0.998757300857462,9.30132173760613,-17.6474425520875,-223.059454925137
2021-04-25,17633.72,9.77756825710421,263.584035664797,1.98493885376059,0.999943290468489,26.0284304390584,16.7271087014523,208.849566424308
2021-04-26,7180,8.87905466204227,167.469761314519,1.97639696917625,0.999860724233983,19.2918916784384,-6.73653876061998,-96.1142743502778
2021-04-27,22859.01,10.0371006293244,300.383928144338,1.9867717837236,0.999956253573536,28.3804409730836,9.08854929464516,132.914166829819
2021-04-28,16625.48,9.71869173728771,255.879661858007,1.98448888923159,0.999939851360682,25.5225892362135,-2.85785173687011,-44.5042662863307
2021-04-29,47490.98,10.7682950772536,433.848505790716,1.99082249922426,0.999978943369878,36.2134896766109,10.6909004403974,177.968843932709
2021-04-30,33222.11,10.4109708971045,362.53866735917,1.98902722712798,0.999969899563875,32.1471446179646,-4.06634505864625,-71.309838431546
2021-05-01,37080,10.5208330196798,383.123356861149,1.9896137174525,0.999973031283711,33.3462172417278,1.19907262376311,20.5846895019787
2021-05-02,65984.27,11.0971716592693,511.748070555988,1.99221408268128,0.999984844872876,40.4091894104455,7.0629721687177,128.624713694838
2021-05-03,51590,10.8510831342387,452.268642985624,1.99119463766262,0.999980616398527,37.2267545614226,-3.18243484902285,-59.4794275703638
2021-05-04,16181,9.69159299339981,252.409119333408,1.98427729316276,0.999938199122428,25.2930839777377,-11.933670583685,-199.859523652216
2021-05-05,32889.21,10.4008999194358,360.707650870505,1.98897183450528,0.999969594891455,32.039407829754,6.7463238520163,108.298531537097
2021-05-06,29694.78,10.2987265517679,342.643467949126,1.98839380295294,0.999966324047526,30.9665890468817,-1.07281878287221,-18.0641829213794
2021-05-07,11960,9.38932302750462,216.723569831877,1.98171207610101,0.999916387959866,22.8688184397801,-8.09777060710162,-125.919898117248
2021-05-08,29002.15,10.2751252441516,338.600352319254,1.98825603093842,0.99996551979767,30.7239274888059,7.85510904902583,121.876782487377
2021-05-09,33142.44,10.408569915307,362.101304584315,1.98901404650399,0.999969827206446,32.1214266743673,1.39749918556131,23.5009522650607
2021-05-10,16350,9.7019831763254,253.734237050888,1.98435876225988,0.999938837920489,25.3808357726489,-6.74059090171835,-108.367067533426
2021-05-11,5650,8.63941082414049,148.332963783729,1.97339239579049,0.999823008849558,17.8107749432321,-7.5700608294168,-105.401273267159
2021-05-12,14289.56,9.5672844796871,237.077895255919,1.98326905130347,0.999930018838928,24.266452150957,6.45567720772484,88.7449314721895
2021-05-13,335.17,5.81463786579599,34.6152973496051,1.89075604215889,0.997016439418802,6.9463241607837,-17.3201279901733,-202.462597906313
2021-05-14,6885.1,8.83711493538553,163.953005396106,1.97589679083875,0.999854758827032,19.0240692192052,12.0777450584215,129.337708046501
2021-05-15,22390.55,10.0163942738288,297.269443812762,1.98663411824128,0.999955338301203,28.1852302651398,9.16116104593459,133.316438416656
2021-05-16,320.64,5.77031899845645,33.812846856959,1.88830823709781,0.99688123752495,6.84446068598059,-21.3407695791592,-263.456596955803
2021-05-17,281.11,5.63874605180837,31.5326706362616,1.88071334838226,0.996442673686457,6.55076618273444,-0.293694503246145,-2.28017622069744
2021-05-18,3759.2,8.23196144778861,120.624630478546,1.96738012596336,0.999733985954458,15.5488572824044,8.99809109966995,89.0919598422846
2021-05-19,27493.43,10.2217023460204,329.622858078269,1.98793810528267,0.999963627673957,30.1816497442621,14.6327924618577,208.998227599723
2021-05-20,322.62,5.77647516004964,33.9232515232126,1.88865150479446,0.996900378153865,6.85852030859877,-23.3231294356633,-295.699606555057
2021-05-21,16513.24,9.71191776236088,255.007704164681,1.98443626422406,0.999939442532174,25.465024457881,18.6065041492822,221.084452641468
2021-05-22,23997.53,10.0857061873671,307.82272350491,1.98708939113713,0.999958329044697,28.8440018287442,3.37897737086319,52.8150193402294
2021-05-23,3960,8.28399930424853,123.857061780418,1.96821791369181,0.999747474747475,15.8209197869304,-13.0230820418138,-183.965661724492
2021-05-24,41340,10.6295858332358,404.644808155717,1.99016340570499,0.999975810353169,34.5772267084219,18.7563069214915,280.787746375299
2021-05-25,17741,9.78363362406065,264.390690528029,1.98498446025996,0.999943633391579,26.0811076662045,-8.49611904221745,-140.254117627689
2021-05-26,29800,10.3022636724935,343.253530032641,1.98841431107273,0.99996644295302,31.0031214338668,4.92201376766237,78.8628395046126
2021-05-27,48255.29,10.7842607380631,437.341734871615,1.99089547001227,0.999979276883426,36.4067275131238,5.40360607925694,94.0882048389733
2021-05-28,1947.32,7.57420934728592,86.2568977474282,1.95467776341463,0.999486473717725,12.4876037106246,-23.9191238024992,-351.084837124186
2021-05-29,16260,9.6964633831018,253.029410068721,1.98431553443612,0.999938499384994,25.3341797193366,12.846576008712,166.772512321293
2021-05-30,35212.11,10.4691453365109,373.297801752155,1.98934179741708,0.999971600679425,32.7766087190907,7.44242899975409,120.268391683434
2021-05-31,25736.54,10.1556670509804,318.852240135549,1.98753320220451,0.999961144738182,29.524556781212,-3.25205193787865,-54.4455616166062
2021-06-01,18102.94,9.80382963500267,267.094332902051,1.98513532426766,0.999944760353843,26.2572781028163,-3.26727867839578,-51.7579072334976
2021-06-02,15838.51,9.6701995952874,249.702284455267,1.98410820939247,0.999936862747822,25.1133572286817,-1.14392087413453,-17.3920484467847
2021-06-03,4820,8.48052920704465,136.852439661678,1.97119243990422,0.999792531120332,16.8920495264569,-8.22130770222486,-112.849844793589
2021-06-04,21700,9.98506753952855,292.618397253125,1.98642311533396,0.999953917050691,27.892444522551,11.0003949960941,155.765957591446
2021-06-05,22250,10.0100972875944,296.328677803526,1.98659196953692,0.999955056179775,28.1261316417093,0.233687119158287,3.71028055040119
2021-06-06,24579.24,10.1096574631953,311.555353964814,1.98724308180543,0.999959315259544,29.0752070920879,0.949075450378604,15.2266761612884
2021-06-07,59060.76,10.9863220234847,484.048392652419,1.99177036677733,0.999983068284255,38.9433233288161,9.86811623672818,172.493038687605
2021-06-08,21711.01,9.98557478413014,292.693128525251,1.98642655829806,0.999953940420091,27.897161018579,-11.046162310237,-191.355264127168
2021-06-09,19880,9.89746948021057,279.992907712233,1.98581524609093,0.999949698189135,27.0897788735361,-0.807382145042961,-12.7002208130176
2021-06-10,7820,8.96443983353936,174.861527755473,1.97738343634841,0.999872122762148,19.84886072302,-7.24091815051608,-105.13137995676
2021-06-11,15750,9.66459564425378,248.998007960223,1.98406361854221,0.999936507936508,25.0664896748229,5.21762895180293,74.1364802047495
2021-06-12,19810,9.8939421396926,279.496003524029,1.98579020678829,0.99994952044422,27.0579459665727,1.99145629174973,30.4979955638059
2021-06-13,32860,10.4000113915913,360.546548735469,1.98896693400075,0.999969567863664,32.0299199328733,4.97197396630067,81.0505452114405
2021-06-14,30200,10.315597203363,345.562943939655,1.98849129324703,0.999966887417219,31.1412217929975,-0.888698139875832,-14.9836047958138
2021-06-15,15075.89,9.62085205799532,243.567831769554,1.98371122157501,0.999933668924355,24.7036420948963,-6.43757969810115,-101.995112170101
2021-06-16,76388.81,11.2435914984588,550.770512961753,1.99276372399358,0.99998690907739,42.4303468074936,17.7267047125972,307.202681192199
2021-06-17,11210,9.32456151606621,209.754574921063,1.98111020741115,0.999910793933987,22.3804357235565,-20.0499110839371,-341.01593804069
2021-06-18,21430,9.97254708846762,290.779780722645,1.98633785437599,0.999953336444237,27.7762784375912,5.39584271403474,81.025205801582
2021-06-19,15130,9.6244348067824,244.008129946959,1.98374037475565,0.999933906146728,24.7331620330589,-3.04311640453234,-46.7716507756856
2021-06-20,25691,10.1538960149984,318.568245464207,1.98752215774146,0.999961075863143,29.5071322408285,4.77397020776967,74.5601155172477
2021-06-21,32129.55,10.3775314464096,356.494351419935,1.98884222308062,0.999968876003554,31.7908066458944,2.28367440506584,37.9261059557284
2021-06-22,33468.41,10.4183572878484,363.887469039321,1.98906767698139,0.999970121078354,32.2263925945006,0.435585948606217,7.39311761938546
2021-06-23,44251.02,10.6976337010179,418.718528234733,1.99049245580701,0.999977401650855,35.3704915446171,3.1440989501165,54.8310591954123
2021-06-24,19910,9.89897739705824,280.205598810513,1.98582593677496,0.999949773982923,27.1033986741582,-8.26709287045891,-138.51292942422
2021-06-25,9800,9.19013766465866,195.989898732233,1.97979694910896,0.999897959183673,21.3997496113016,-5.70364906285661,-84.2157000782793
2021-06-26,7350,8.90245559220688,169.464281994822,1.97667152625921,0.999863945578231,19.4429628500739,-1.95678676122774,-26.5256167374109
2021-06-27,28690,10.2643039089754,336.762453645619,1.98819231601096,0.999965144649704,30.6133024880274,11.1703396379536,167.298171650796
2021-06-28,11380,9.33961270768032,211.354165649513,1.98125183078651,0.999912126537786,22.4930019388805,-8.12030054914694,-125.408287996105
2021-06-29,16652.12,9.72029281463048,256.086187154601,1.98450130150668,0.999939947586253,25.5362140847478,3.04321214586731,44.7320215050881
2021-06-30,18360,9.81792966417448,268.998154975269,1.98523975190767,0.999945533769063,26.3809780329491,0.844763948201301,12.9119678206678
2021-07-01,52668.75,10.8717775795207,456.993464005753,1.99128527895563,0.99998101340928,37.4844379873047,11.1034599543557,187.995309030483
2021-07-02,34592.55,10.4513936199425,369.981451150457,1.98924677564532,0.999971092041494,32.5832343817061,-4.90120360559861,-87.0120128552954
2021-07-03,44082.41,10.6938161156535,417.916229741124,1.99047429054489,0.999977315214844,35.3255102137484,2.74227583204227,47.9347785906663
2021-07-04,8817.46,9.08448912566669,185.802662387944,1.97870104742319,0.999886588654783,20.6592475392614,-14.666262674487,-232.11356735318
2021-07-05,25563.94,10.1489380437169,317.7745455786,1.98749118697749,0.999960882399192,29.4584073432762,8.7991598040148,131.971883190656
2021-07-06,51394.09,10.8472784642877,451.405293308316,1.99117787097099,0.999980542509849,37.1795726481973,7.72116530492104,133.630747729716
2021-07-07,13530,9.51266472116483,230.637056377526,1.98280583470972,0.999926090169993,23.8286405200659,-13.3509321281314,-220.76823693079
2021-07-08,24530.89,10.1076884186979,311.246803654882,1.98723051615107,0.999959235070558,29.0561298945694,5.22748937450349,80.6097472773562
2021-07-09,25450,10.1444710219787,317.061122670876,1.98746321718386,0.999960707269155,29.4145762018263,0.358446307256983,5.81431901599456
2021-07-10,30230,10.3165900877735,345.735531690392,1.98849700523684,0.99996692027787,31.1515300432681,1.73695384144172,28.6744090195162
2021-07-11,26000,10.1658518170036,320.490309931942,1.98759652654108,0.999961538461538,29.6249606840737,-1.52656935919437,-25.2452217584506
2021-07-12,23200,10.0519075576544,302.630924234556,1.98686935671403,0.999956896551724,28.5208629428482,-1.10409774122552,-17.8593856973857
2021-07-13,17950,9.79534539391642,265.955220139485,1.98507213258276,0.999944289693593,26.183125314697,-2.33773762815117,-36.6757040950711
2021-07-14,11860,9.38092667255172,215.807254240992,1.98163513876552,0.99991568296796,22.8049030186045,-3.37822229609251,-50.1479658984935
2021-07-15,12620,9.4430381360952,222.677546719738,1.9821967078669,0.999920760697306,23.2819731994615,0.477070180857041,6.87029247874619
2021-07-16,15418.74,9.64333893171645,246.344438230454,1.98389333770266,0.99993514385741,24.8895070383368,1.60753383887529,23.6668915107166
2021-07-17,16220.43,9.69402683779889,252.718903892114,1.98429641483659,0.999938349353254,25.3136121139182,0.424105075581405,6.3744656616594
2021-07-18,44525.37,10.7038144180616,420.020710392275,1.99052179217394,0.999977540894101,35.4434383293654,10.1298262154471,167.301806500161
2021-07-19,56569.31,10.9432218909851,473.686072951479,1.99159109289204,0.999982322570312,38.3878356833195,2.94439735395414,53.6653625592048
2021-07-20,56533.14,10.9425822938547,473.533973549735,1.99158840330557,0.999982311260263,38.3796523058456,-0.00818337747387,-0.152099401744522
2021-07-21,6650,8.8023721336499,161.095064303001,1.9754744264206,0.99984962406015,18.805023555678,-19.5746287501676,-312.438909246734
2021-07-22,22880,10.0380184454937,300.522726419024,1.9867778528663,0.999956293706294,28.389124977275,9.58410142159698,139.427662116024
2021-07-23,10910,9.29743507882712,206.901890848312,1.98085225565093,0.999908340971586,22.1789807271811,-6.21014425009387,-93.6208355707127
2021-07-24,19420,9.87405874184532,276.711320186317,1.98564823274015,0.99994850669413,26.8792043179058,4.7002235907247,69.8094293380057
2021-07-25,31650,10.3624934275723,353.808937493144,1.98875801145361,0.999968404423381,31.6318484650268,4.75264414712095,77.0976173068266
2021-07-26,34670,10.4536300386791,370.397636942019,1.98925879328116,0.999971156619556,32.6075333563175,0.975684891290708,16.5886994488752
2021-07-27,39295.75,10.5788716495159,394.463113038275,1.98991078900293,0.999974551955364,33.997620940802,1.39008758448452,24.0654760962557
2021-07-28,36862.02,10.5149370316756,381.989687361523,1.9895830535776,0.999972871806808,33.280745300817,-0.716875639985027,-12.4734256767522
2021-07-29,26448.71,10.1829626648305,323.261187355639,1.98770219086845,0.999962190972641,29.7944128678363,-3.48633243298073,-58.728500005884
2021-07-30,14120,9.55534751104723,235.655212440207,1.9831688943031,0.999929178470255,24.1700880345598,-5.6243248332764,-87.6059749154317
2021-07-31,28480,10.2569573655259,335.520369755664,1.9881488634215,0.999964887640449,30.5384268859692,6.36833885140939,99.8651573154566
2021-08-01,29660,10.2975546156919,342.441577048997,1.98838700009949,0.999966284558328,30.9544944550994,0.416067569130128,6.92120729333294
2021-08-02,27800,10.2327912996787,331.466640010661,1.98800479712192,0.999964028776978,30.2934171527249,-0.661077302374419,-10.9749370383353
2021-08-03,41920,10.6435183189949,407.487484546231,1.99023169168544,0.999976145038168,34.7381824108686,4.44476525814367,76.0208445355698
2021-08-04,15751.01,9.66465976918186,249.006055703841,1.98406412949367,0.999936512007801,25.0670254761651,-9.67115693470347,-158.48142884239
2021-08-05,34921.82,10.4608671277248,371.747615377008,1.9892975905787,0.999971364608145,32.6862895198395,7.61926404367432,122.741559673167
2021-08-06,293.67,5.68245668794145,32.2736050044345,1.88329211358179,0.996594817311949,6.64691095907519,-26.0393785607643,-339.474010372574
2021-08-07,36527.88,10.5058310836131,380.245366224366,1.98953551735758,0.999972623650757,33.1798808765613,26.5329699174861,347.971761219932
2021-08-08,26650,10.190544429594,324.49655434629,1.98774872216337,0.999962476547842,29.8698061733021,-3.31007470325913,-55.7488118780764
2021-08-09,7170,8.87766093359367,167.351705040132,1.9763805153361,0.999860529986053,19.282931207257,-10.5868749660451,-157.144849306158
2021-08-10,3730,8.22416351263786,120.14745187682,1.9672526938668,0.999731903485255,15.5084934373196,-3.77443776993741,-47.2042531633127
2021-08-11,20050,9.90598443273472,281.196045170126,1.98587550896907,0.999950124688279,27.1667774887689,11.6582840514493,161.048593293306
2021-08-12,19868.23,9.8968772525645,279.90941807609,1.98581104516728,0.999949668390189,27.0844316293595,-0.082345859409326,-1.28662709403557
2021-08-13,20959.04,9.95032533585934,287.544746110165,1.98618520952724,0.999952287891048,27.5712927026181,0.486861073258581,7.6353280340748
2021-08-14,24487.77,10.1059290882257,310.971372492757,1.98721927833801,0.99995916328845,29.0390951117837,1.46780240916562,23.4266263825916
2021-08-15,19769.28,9.89188449668509,279.206543309362,1.98577557992454,0.999949416468379,27.0393937984846,-1.99970131329913,-31.7648291833951
2021-08-16,22150,10.0055927754733,295.657521322744,1.98656173718633,0.999954853273138,28.0839318309309,1.04453803244627,16.4509780133827
2021-08-17,54772.59,10.9109451653214,466.070892066576,1.99145428594729,0.999981742692832,37.9770382979625,9.89310646703166,170.413370743831
2021-08-18,52547.32,10.8694693759561,456.464044391706,1.99127521547452,0.999980969533746,37.4556085083183,-0.521429789644181,-9.60684767486993
2021-08-19,13210,9.48872939751637,227.869528211114,1.98259882451089,0.999924299772899,23.6392815117518,-13.8163269965665,-228.594516180592
2021-08-20,10570,9.26577507886428,203.621010599598,1.98054673504261,0.999905392620624,21.9461492856743,-1.69313222607753,-24.2485176115157
2021-08-21,15830,9.66966215287506,249.634655800826,1.9841039383575,0.999936828806064,25.1088586372191,3.16270935154481,46.0136452012276
2021-08-22,24300,10.0982316293286,309.769145362398,1.98716999401801,0.999958847736625,28.9646815381689,3.85582290094981,60.1344895615722
2021-08-23,18390,9.81956231759837,269.219468327773,1.98525179617576,0.99994562262099,26.3953389383618,-2.56934259980705,-40.5496770346246
2021-08-24,13720,9.52660990127988,232.264807429541,1.98292530558094,0.999927113702624,23.9396632534738,-2.45567568488809,-36.9546608982321
2021-08-25,32821.01,10.3988241380889,360.331395272339,1.98896038253325,0.999969531711547,32.0172465625826,8.07758330910883,128.066587842798
2021-08-26,29962.27,10.3076942024512,344.192258723386,1.98844572661806,0.999966624691654,31.0592933856824,-0.957953176900155,-16.1391365489529
2021-08-27,8746.04,9.07635630548173,185.040530367084,1.97861426081208,0.999885662539847,20.6033174033402,-10.4559759823423,-159.151728356302
2021-08-28,22770.38,10.0332158475439,299.797150417296,1.9867460643864,0.999956083297688,28.3437141508258,7.74039674748564,114.756620050212
2021-08-29,315.22,5.7532708077474,33.5088721307788,1.88735209653328,0.996827612461138,6.80567576877447,-21.5380383820513,-266.288278286517
2021-08-30,29343.6,10.2868297435565,340.599474605552,1.98832455886103,0.999965921018553,30.8440310254233,24.0383552566489,307.090602474773
2021-08-31,26450.58,10.1830333652124,323.27268560394,1.98770262559067,0.999962193645659,29.7951150348989,-1.04891599052449,-17.3267890016112
2021-09-01,40767.3,10.6156355684548,401.818275960858,1.99009455431287,0.999975470536435,34.4168128108777,4.62169777597881,78.5455903569178
2021-09-02,33665.61,10.4242321205241,364.963812929831,1.98909974264747,0.999970296097412,32.2895626479739,-2.12725016290376,-36.8544630310272
2021-09-03,38743.7,10.5647234409187,391.668388367672,1.98983916382876,0.999974189352075,33.8376632787093,1.54810063073537,26.7045754378406
2021-09-04,24395.89,10.1021699544703,310.383674349349,1.98719523352707,0.999959009488893,29.0027306188202,-4.83493265988909,-81.2847140183228
2021-09-05,13310,9.49627091138916,228.737946597433,1.98266431655917,0.99992486851991,23.6987815903507,-5.30394902846947,-81.6457277519156
2021-09-06,36659.7,10.5094333380542,380.93445914412,1.9895543482586,0.999972722089924,33.2197455966632,9.52096400631246,152.196512546687
2021-09-07,43245.3,10.6746438359347,413.910086436961,1.99038253668174,0.999976876099831,35.1004732040651,1.88072760740196,32.9756272928402
2021-09-08,5070,8.53109609658523,140.407864951343,1.97191166371768,0.999802761341223,17.179188819162,-17.9212843849032,-273.502221485617
2021-09-09,18730,9.83788179543813,271.715180433969,1.98538626906386,0.999946609717031,26.5570150150995,9.3778261959375,131.307315482626
2021-09-10,43488.66,10.6802554934361,415.078697609935,1.99040948381463,0.999977005499825,35.1661919279842,8.60917691288474,143.363517175967
2021-09-11,21894.41,9.99398663208092,293.935195608768,1.98648352727437,0.999954326241264,27.9754930123101,-7.19069891567415,-121.143502001167
2021-09-12,8587.03,9.05800820431958,183.332458031506,1.97841716425452,0.999883545300296,20.4776913774436,-7.49780163486644,-110.602737577262
2021-09-13,51681.55,10.8528561302668,452.671529788264,1.99120244013989,0.999980650735127,37.2487620266321,16.7710706491885,269.339071756758
2021-09-14,28825.99,10.2690326897339,337.56436797756,1.98822020100688,0.99996530908392,30.661595070788,-6.58716695584414,-115.107161810703
2021-09-15,40260,10.6031136991938,399.29789433786,1.99003234241585,0.999975161450571,34.273457920737,3.61186284994897,61.7335263602994
2021-09-16,28400,10.2541444241493,335.045990927054,1.98813218341806,0.999964788732394,30.509806038006,-3.763651882731,-64.2519034108054
2021-09-17,11506.77,9.35069083679021,212.53922718235,1.98135539102786,0.999913094639069,22.5762156128078,-7.93359042519818,-122.506763744704
2021-09-18,43126.21,10.6718862119111,413.337019780323,1.99036926686161,0.999976812244804,35.0682233924286,12.4920077796208,200.797792597972
2021-09-19,31294.13,10.3511858190043,351.802939501638,1.9886942714336,0.999968045125396,31.5128460245091,-3.5553773679195,-61.5340802786841
2021-09-20,44406.68,10.7011451875542,419.457850798867,1.99050913396816,0.999977480865491,35.4119167855313,3.89907076102223,67.6549112972284
2021-09-21,66433.42,11.1039555220979,513.493627506684,1.99224044724016,0.999984947335242,40.5006696023011,5.08875281676976,94.0357767078175
2021-09-22,26886.72,10.1993877633923,325.943409752353,1.98780277364616,0.999962806917318,29.9579856316744,-10.5426839706267,-187.550217754331
2021-09-23,20466.05,9.92652269472004,284.119205926481,1.98601981301099,0.999951138592938,27.3534017138549,-2.60458391781949,-41.8242038258725
2021-09-24,58994.11,10.985192887396,483.774062708169,1.9917657192776,0.999983049155246,38.9286686495823,11.5752669357273,199.654856781688
2021-09-25,17510,9.7705274252799,262.65071320516,1.98488573882323,0.99994288977727,25.9674148000833,-12.9612538494989,-221.123349503009
2021-09-26,23060,10.0458547938231,301.710388363651,1.98682955818024,0.999956634865568,28.463377603992,2.49596280390861,39.0596751584911
2021-09-27,9660,9.17574892720656,194.57059800489,1.97965107681109,0.999896480331263,21.2973568983329,-7.16602070565908,-107.139790358762
2021-09-28,6220,8.73552518573323,155.733953225043,1.97464084353295,0.99983922829582,18.3906379594575,-2.90671893887535,-38.8366447798471
2021-09-29,44880,10.7117475401966,421.698005659692,1.99055931359938,0.999977718360071,35.5372880699696,17.146650110512,265.964052434649
2021-09-30,66102.12,11.0989560979427,512.206651065503,1.99222102632918,0.999984871892157,40.4332324670779,4.89594439710837,90.5086454058116
2021-10-01,73662.29,11.2072462783021,540.815954076518,1.99263101983285,0.999986424532824,41.9194013624135,1.48616889533555,28.6093030110145
2021-10-02,34172.16,10.4391665564565,367.714268050342,1.98918083410442,0.999970736412331,32.4507055464538,-9.46869581595965,-173.101686026176
2021-10-03,28650,10.2629087221429,336.526217596215,1.98818407617465,0.999965095986038,30.5990687059044,-1.85163684054945,-31.1880504541266
2021-10-04,18750,9.83894903139856,271.861278752583,1.9853940651332,0.999946666666667,26.5664642295653,-4.0326044763391,-64.6649388436321
2021-10-05,14440,9.57775741244682,238.333102172797,1.98335643336753,0.999930747922438,24.3513138304486,-2.2151503991167,-33.528176579786
2021-10-06,22457.85,10.0193954979758,297.718868274922,1.98665416020345,0.999955472140031,28.2134411051824,3.86212727473384,59.3857661021248
2021-10-07,55579.97,10.9255781635338,469.50809112888,1.99151658248234,0.999982007906805,38.1627301123111,9.94928900712869,171.789222853958
2021-10-08,27684.51,10.2286283299854,330.773256136968,1.98797980328577,0.999963878717738,30.251409446429,-7.91132066588212,-138.734834991912
2021-10-09,49845.66,10.8166867104164,444.522832562905,1.9910418914593,0.999979938072843,36.8023696882985,6.55096024186951,113.749576425937
2021-10-10,26601.72,10.1887311543335,324.200674432166,1.98773760965711,0.99996240844577,29.8517575681761,-6.95061212012241,-120.322158130739
2021-10-11,24190.64,10.0937210604678,309.066809544188,1.98714102605205,0.999958661697252,28.9211651967391,-0.930592371437022,-15.1338648879782
2021-10-12,371.41,5.91730657370422,36.54400083022,1.89622250119754,0.997307557685576,7.1881621318174,-21.7330030649217,-272.522808713968
2021-10-13,43129.86,10.6719708436362,413.354595496426,1.99036967438576,0.999976814207141,35.0692127011303,27.8810505693129,376.810594666206
2021-10-14,34026.61,10.4348981445486,366.92606305329,1.98915771911885,0.999970611236324,32.4045673843595,-2.66464531677085,-46.4285324431365
2021-10-15,16960.47,9.73864062122607,258.464738496404,1.98464283486859,0.999941039369782,25.6928704857361,-6.7116968986234,-108.461324556886
2021-10-16,317.48,5.76041482422268,33.6359369176678,1.88775375797635,0.996850195287892,6.82190170076677,-18.8709687849693,-224.828801578736
2021-10-17,42207.86,10.6503617386048,408.891031783367,1.99026505888279,0.999976307730361,34.817515514327,27.9956138135603,375.255094865699
2021-10-18,7370,8.90517298518338,169.697408250678,1.97670320105147,0.999864314789688,19.4605822188911,-15.356933295436,-239.193623532689
2021-10-19,20130,9.90996651863384,281.760462362183,1.9859036034594,0.999950322901143,27.2028615789828,7.74227936009179,112.063054111505
2021-10-20,930,6.8351845861473,58.9918027279076,1.9344174164216,0.998924731182796,9.76100007668508,-17.4418615022978,-222.768659634276
2021-10-21,333.1,5.80844274519963,34.5020547366857,1.89041712777939,0.99699789852897,6.9319945228893,-18.2644366925654,-216.450193721398
2021-10-22,4820,8.48052920704465,136.852439661678,1.97119243990422,0.999792531120332,16.8920495264569,7.13104944977181,77.8606369337706
2021-10-23,10860,9.29284159348793,206.422647521808,1.98080822766834,0.999907918968692,22.1450471051405,5.25299757868364,69.5702078601302
2021-10-24,2503.84,7.82558083241486,98.0767705314275,1.9600306846558,0.999600613457729,13.5790334372645,-8.56601366787605,-108.345876990381
2021-10-25,278.4,5.62905892846027,31.3706457833827,1.88013417462865,0.996408045977011,6.52964760411797,-7.04938583314651,-66.7061247480448
2021-10-26,340.12,5.82929849651759,34.8846851687797,1.8915539069482,0.99705986122545,6.98035307174259,0.45070546762462,3.51403938539701
2021-10-27,313.28,5.74709735934215,33.3994350237401,1.88700384632361,0.996807967313585,6.79168533917023,-0.18866773257236,-1.48525014503961
2021-10-28,367.96,5.90797423660896,36.3645669856966,1.89573712635695,0.997282313294923,7.16583609147396,0.374150752303735,2.96513196195644
2021-10-29,301.37,5.70833874573741,32.720023041467,1.8847927031839,0.996681819690082,6.70450428534956,-0.461331806124401,-3.64454394422958
2021-10-30,273.45,5.61111878979278,31.0726473086144,1.87905413308241,0.996343024318888,6.49071653045636,-0.213787754893204,-1.6473757328526
2021-10-31,24456,10.1046308635707,310.768284837194,1.98721097952089,0.999959110238796,29.0265314073203,22.535814876864,279.695637528579
